INSERT INTO building (id, owner_email, address, city, zip_code, floor_area) VALUES (1, 'owner1@example.com', '1 Example Street', 'Example City', 42902, 318);
INSERT INTO building (id, owner_email, address, city, zip_code, floor_area) VALUES (2, 'owner2@example.com', '2 Example Street', 'Example City', 93686, 241);
INSERT INTO building (id, owner_email, address, city, zip_code, floor_area) VALUES (3, 'owner3@example.com', '3 Example Street', 'Example City', 26644, 94);
INSERT INTO building (id, owner_email, address, city, zip_code, floor_area) VALUES (4, 'owner4@example.com', '4 Example Street', 'Example City', 67082, 411);
INSERT INTO building (id, owner_email, address, city, zip_code, floor_area) VALUES (5, 'owner5@example.com', '5 Example Street', 'Example City', 34899, 451);
INSERT INTO building (id, owner_email, address, city, zip_code, floor_area) VALUES (6, 'owner6@example.com', '6 Example Street', 'Example City', 86828, 347);
INSERT INTO building (id, owner_email, address, city, zip_code, floor_area) VALUES (7, 'owner7@example.com', '7 Example Street', 'Example City', 13718, 128);
INSERT INTO building (id, owner_email, address, city, zip_code, floor_area) VALUES (8, 'owner8@example.com', '8 Example Street', 'Example City', 41596, 213);
INSERT INTO building (id, owner_email, address, city, zip_code, floor_area) VALUES (9, 'owner9@example.com', '9 Example Street', 'Example City', 84362, 306);
INSERT INTO building (id, owner_email, address, city, zip_code, floor_area) VALUES (10, 'owner10@example.com', '10 Example Street', 'Example City', 71227, 133);
INSERT INTO building (id, owner_email, address, city, zip_code, floor_area) VALUES (11, 'owner11@example.com', '11 Example Street', 'Example City', 84649, 391);
INSERT INTO building (id, owner_email, address, city, zip_code, floor_area) VALUES (12, 'owner12@example.com', '12 Example Street', 'Example City', 90662, 225);
INSERT INTO building (id, owner_email, address, city, zip_code, floor_area) VALUES (13, 'owner13@example.com', '13 Example Street', 'Dortmund', 31478, 338);
INSERT INTO building (id, owner_email, address, city, zip_code, floor_area) VALUES (14, 'owner14@example.com', '14 Example Street', 'Example City', 56166, 349);
INSERT INTO building (id, owner_email, address, city, zip_code, floor_area) VALUES (15, 'owner15@example.com', '15 Example Street', 'Example City', 55168, 300);
INSERT INTO building (id, owner_email, address, city, zip_code, floor_area) VALUES (16, 'owner16@example.com', '16 Example Street', 'Example City', 35128, 221);
INSERT INTO building (id, owner_email, address, city, zip_code, floor_area) VALUES (17, 'owner17@example.com', '17 Example Street', 'Example City', 49809, 158);
INSERT INTO building (id, owner_email, address, city, zip_code, floor_area) VALUES (18, 'owner18@example.com', '18 Example Street', 'Dortmund', 51172, 330);
INSERT INTO building (id, owner_email, address, city, zip_code, floor_area) VALUES (19, 'owner19@example.com', '19 Example Street', 'Example City', 46841, 401);
INSERT INTO building (id, owner_email, address, city, zip_code, floor_area) VALUES (20, 'owner20@example.com', '20 Example Street', 'Example City', 35128, 92);
INSERT INTO building (id, owner_email, address, city, zip_code, floor_area) VALUES (21, 'owner21@example.com', '21 Example Street', 'Example City', 49809, 271);
INSERT INTO building (id, owner_email, address, city, zip_code, floor_area) VALUES (22, 'owner22@example.com', '22 Example Street', 'Example City', 85561, 207);
INSERT INTO building (id, owner_email, address, city, zip_code, floor_area) VALUES (23, 'owner23@example.com', '23 Example Street', 'Example City', 35128, 348);
INSERT INTO building (id, owner_email, address, city, zip_code, floor_area) VALUES (24, 'owner24@example.com', '24 Example Street', 'Example City', 32018, 336);
INSERT INTO building (id, owner_email, address, city, zip_code, floor_area) VALUES (25, 'owner25@example.com', '25 Example Street', 'Example City', 46255, 159);
INSERT INTO building (id, owner_email, address, city, zip_code, floor_area) VALUES (26, 'owner26@example.com', '26 Example Street', 'Example City', 15590, 63);
INSERT INTO building (id, owner_email, address, city, zip_code, floor_area) VALUES (27, 'owner27@example.com', '27 Example Street', 'Example City', 89220, 464);
INSERT INTO building (id, owner_email, address, city, zip_code, floor_area) VALUES (28, 'owner28@example.com', '28 Example Street', 'Example City', 38934, 172);
INSERT INTO building (id, owner_email, address, city, zip_code, floor_area) VALUES (29, 'owner29@example.com', '29 Example Street', 'Example City', 38268, 257);
INSERT INTO building (id, owner_email, address, city, zip_code, floor_area) VALUES (30, 'owner30@example.com', '30 Example Street', 'Example City', 59399, 50);
INSERT INTO building (id, owner_email, address, city, zip_code, floor_area) VALUES (31, 'owner31@example.com', '31 Example Street', 'Example City', 54219, 89);
INSERT INTO building (id, owner_email, address, city, zip_code, floor_area) VALUES (32, 'owner32@example.com', '32 Example Street', 'Example City', 47306, 247);
INSERT INTO building (id, owner_email, address, city, zip_code, floor_area) VALUES (33, 'owner33@example.com', '33 Example Street', 'Example City', 76327, 145);
INSERT INTO building (id, owner_email, address, city, zip_code, floor_area) VALUES (34, 'owner34@example.com', '34 Example Street', 'Example City', 92628, 165);
INSERT INTO building (id, owner_email, address, city, zip_code, floor_area) VALUES (35, 'owner35@example.com', '35 Example Street', 'Example City', 95209, 88);
INSERT INTO building (id, owner_email, address, city, zip_code, floor_area) VALUES (36, 'owner36@example.com', '36 Example Street', 'Example City', 49809, 383);
INSERT INTO building (id, owner_email, address, city, zip_code, floor_area) VALUES (37, 'owner37@example.com', '37 Example Street', 'Example City', 81161, 273);
INSERT INTO building (id, owner_email, address, city, zip_code, floor_area) VALUES (38, 'owner38@example.com', '38 Example Street', 'Example City', 78998, 351);
INSERT INTO building (id, owner_email, address, city, zip_code, floor_area) VALUES (39, 'owner39@example.com', '39 Example Street', 'Example City', 37388, 180);
INSERT INTO building (id, owner_email, address, city, zip_code, floor_area) VALUES (40, 'owner40@example.com', '40 Example Street', 'Dortmund', 47306, 425);
INSERT INTO building (id, owner_email, address, city, zip_code, floor_area) VALUES (41, 'owner41@example.com', '41 Example Street', 'Dortmund', 79182, 258);
INSERT INTO building (id, owner_email, address, city, zip_code, floor_area) VALUES (42, 'owner42@example.com', '42 Example Street', 'Example City', 42669, 140);
INSERT INTO building (id, owner_email, address, city, zip_code, floor_area) VALUES (43, 'owner43@example.com', '43 Example Street', 'Example City', 84140, 325);
INSERT INTO building (id, owner_email, address, city, zip_code, floor_area) VALUES (44, 'owner44@example.com', '44 Example Street', 'Example City', 81826, 142);
INSERT INTO building (id, owner_email, address, city, zip_code, floor_area) VALUES (45, 'owner45@example.com', '45 Example Street', 'Example City', 44600, 212);
INSERT INTO building (id, owner_email, address, city, zip_code, floor_area) VALUES (46, 'owner46@example.com', '46 Example Street', 'Example City', 36510, 263);
INSERT INTO building (id, owner_email, address, city, zip_code, floor_area) VALUES (47, 'owner47@example.com', '47 Example Street', 'Example City', 81851, 406);
INSERT INTO building (id, owner_email, address, city, zip_code, floor_area) VALUES (48, 'owner48@example.com', '48 Example Street', 'Example City', 12418, 391);
INSERT INTO building (id, owner_email, address, city, zip_code, floor_area) VALUES (49, 'owner49@example.com', '49 Example Street', 'Example City', 74037, 161);
INSERT INTO building (id, owner_email, address, city, zip_code, floor_area) VALUES (50, 'owner50@example.com', '50 Example Street', 'Example City', 99021, 218);
INSERT INTO building (id, owner_email, address, city, zip_code, floor_area) VALUES (51, 'owner51@example.com', '51 Example Street', 'Example City', 91218, 451);
INSERT INTO building (id, owner_email, address, city, zip_code, floor_area) VALUES (52, 'owner52@example.com', '52 Example Street', 'Example City', 29070, 401);
INSERT INTO building (id, owner_email, address, city, zip_code, floor_area) VALUES (53, 'owner53@example.com', '53 Example Street', 'Example City', 28512, 351);
INSERT INTO building (id, owner_email, address, city, zip_code, floor_area) VALUES (54, 'owner54@example.com', '54 Example Street', 'Example City', 16122, 430);
INSERT INTO building (id, owner_email, address, city, zip_code, floor_area) VALUES (55, 'owner55@example.com', '55 Example Street', 'Example City', 94389, 477);
INSERT INTO building (id, owner_email, address, city, zip_code, floor_area) VALUES (56, 'owner56@example.com', '56 Example Street', 'Example City', 72401, 171);
INSERT INTO building (id, owner_email, address, city, zip_code, floor_area) VALUES (57, 'owner57@example.com', '57 Example Street', 'Example City', 80104, 461);
INSERT INTO building (id, owner_email, address, city, zip_code, floor_area) VALUES (58, 'owner58@example.com', '58 Example Street', 'Example City', 39125, 196);
INSERT INTO building (id, owner_email, address, city, zip_code, floor_area) VALUES (59, 'owner59@example.com', '59 Example Street', 'London', 24780, 243);
INSERT INTO building (id, owner_email, address, city, zip_code, floor_area) VALUES (60, 'owner60@example.com', '60 Example Street', 'Example City', 35128, 115);
INSERT INTO building (id, owner_email, address, city, zip_code, floor_area) VALUES (61, 'owner61@example.com', '61 Example Street', 'Example City', 91093, 475);
INSERT INTO building (id, owner_email, address, city, zip_code, floor_area) VALUES (62, 'owner62@example.com', '62 Example Street', 'London', 21250, 85);
INSERT INTO building (id, owner_email, address, city, zip_code, floor_area) VALUES (63, 'owner63@example.com', '63 Example Street', 'Example City', 98133, 480);
INSERT INTO building (id, owner_email, address, city, zip_code, floor_area) VALUES (64, 'owner64@example.com', '64 Example Street', 'Example City', 44994, 334);
INSERT INTO building (id, owner_email, address, city, zip_code, floor_area) VALUES (65, 'owner65@example.com', '65 Example Street', 'Example City', 96032, 459);
INSERT INTO building (id, owner_email, address, city, zip_code, floor_area) VALUES (66, 'owner66@example.com', '66 Example Street', 'Example City', 49621, 266);
INSERT INTO building (id, owner_email, address, city, zip_code, floor_area) VALUES (67, 'owner67@example.com', '67 Example Street', 'Example City', 92089, 341);
INSERT INTO building (id, owner_email, address, city, zip_code, floor_area) VALUES (68, 'owner68@example.com', '68 Example Street', 'Example City', 68127, 269);
INSERT INTO building (id, owner_email, address, city, zip_code, floor_area) VALUES (69, 'owner69@example.com', '69 Example Street', 'Example City', 24980, 358);
INSERT INTO building (id, owner_email, address, city, zip_code, floor_area) VALUES (70, 'owner70@example.com', '70 Example Street', 'Example City', 10223, 447);
INSERT INTO building (id, owner_email, address, city, zip_code, floor_area) VALUES (71, 'owner71@example.com', '71 Example Street', 'Example City', 39426, 128);
INSERT INTO building (id, owner_email, address, city, zip_code, floor_area) VALUES (72, 'owner72@example.com', '72 Example Street', 'Example City', 80722, 111);
INSERT INTO building (id, owner_email, address, city, zip_code, floor_area) VALUES (73, 'owner73@example.com', '73 Example Street', 'Example City', 95593, 157);
INSERT INTO building (id, owner_email, address, city, zip_code, floor_area) VALUES (74, 'owner74@example.com', '74 Example Street', 'Example City', 87358, 239);
INSERT INTO building (id, owner_email, address, city, zip_code, floor_area) VALUES (75, 'owner75@example.com', '75 Example Street', 'Example City', 65484, 285);
INSERT INTO building (id, owner_email, address, city, zip_code, floor_area) VALUES (76, 'owner76@example.com', '76 Example Street', 'Example City', 47306, 288);
INSERT INTO building (id, owner_email, address, city, zip_code, floor_area) VALUES (77, 'owner77@example.com', '77 Example Street', 'Example City', 29836, 212);
INSERT INTO building (id, owner_email, address, city, zip_code, floor_area) VALUES (78, 'owner78@example.com', '78 Example Street', 'Example City', 13277, 198);
INSERT INTO building (id, owner_email, address, city, zip_code, floor_area) VALUES (79, 'owner79@example.com', '79 Example Street', 'Example City', 47416, 175);
INSERT INTO building (id, owner_email, address, city, zip_code, floor_area) VALUES (80, 'owner80@example.com', '80 Example Street', 'Example City', 35128, 94);
INSERT INTO building (id, owner_email, address, city, zip_code, floor_area) VALUES (81, 'owner81@example.com', '81 Example Street', 'Example City', 48060, 337);
INSERT INTO building (id, owner_email, address, city, zip_code, floor_area) VALUES (82, 'owner82@example.com', '82 Example Street', 'London', 72961, 380);
INSERT INTO building (id, owner_email, address, city, zip_code, floor_area) VALUES (83, 'owner83@example.com', '83 Example Street', 'Example City', 27263, 150);
INSERT INTO building (id, owner_email, address, city, zip_code, floor_area) VALUES (84, 'owner84@example.com', '84 Example Street', 'Example City', 98030, 88);
INSERT INTO building (id, owner_email, address, city, zip_code, floor_area) VALUES (85, 'owner85@example.com', '85 Example Street', 'London', 82268, 161);
INSERT INTO building (id, owner_email, address, city, zip_code, floor_area) VALUES (86, 'owner86@example.com', '86 Example Street', 'Example City', 52129, 67);
INSERT INTO building (id, owner_email, address, city, zip_code, floor_area) VALUES (87, 'owner87@example.com', '87 Example Street', 'Example City', 86612, 94);
INSERT INTO building (id, owner_email, address, city, zip_code, floor_area) VALUES (88, 'owner88@example.com', '88 Example Street', 'Example City', 12521, 373);
INSERT INTO building (id, owner_email, address, city, zip_code, floor_area) VALUES (89, 'owner89@example.com', '89 Example Street', 'London', 47306, 427);
INSERT INTO building (id, owner_email, address, city, zip_code, floor_area) VALUES (90, 'owner90@example.com', '90 Example Street', 'Example City', 65379, 470);
INSERT INTO building (id, owner_email, address, city, zip_code, floor_area) VALUES (91, 'owner91@example.com', '91 Example Street', 'Example City', 38720, 423);
INSERT INTO building (id, owner_email, address, city, zip_code, floor_area) VALUES (92, 'owner92@example.com', '92 Example Street', 'Example City', 35128, 127);
INSERT INTO building (id, owner_email, address, city, zip_code, floor_area) VALUES (93, 'owner93@example.com', '93 Example Street', 'Example City', 57998, 429);
INSERT INTO building (id, owner_email, address, city, zip_code, floor_area) VALUES (94, 'owner94@example.com', '94 Example Street', 'Example City', 96482, 438);
INSERT INTO building (id, owner_email, address, city, zip_code, floor_area) VALUES (95, 'owner95@example.com', '95 Example Street', 'Example City', 16726, 135);
INSERT INTO building (id, owner_email, address, city, zip_code, floor_area) VALUES (96, 'owner96@example.com', '96 Example Street', 'Example City', 99976, 451);
INSERT INTO building (id, owner_email, address, city, zip_code, floor_area) VALUES (97, 'owner97@example.com', '97 Example Street', 'Example City', 44656, 189);
INSERT INTO building (id, owner_email, address, city, zip_code, floor_area) VALUES (98, 'owner98@example.com', '98 Example Street', 'Example City', 93932, 349);
INSERT INTO building (id, owner_email, address, city, zip_code, floor_area) VALUES (99, 'owner99@example.com', '99 Example Street', 'Example City', 57046, 429);
INSERT INTO building (id, owner_email, address, city, zip_code, floor_area) VALUES (100, 'owner100@example.com', '100 Example Street', 'Example City', 35128, 120);
INSERT INTO energy_type (id, name, provider, unit, price_per_unit) VALUES (1, 'EnergyType1', 'Provider1', 'kWh', 28);
INSERT INTO energy_type (id, name, provider, unit, price_per_unit) VALUES (2, 'EnergyType2', 'Provider2', 'kWh', 91);
INSERT INTO energy_type (id, name, provider, unit, price_per_unit) VALUES (3, 'EnergyType3', 'Provider3', 'kWh', 98);
INSERT INTO energy_type (id, name, provider, unit, price_per_unit) VALUES (4, 'EnergyType4', 'Provider4', 'kWh', 86);
INSERT INTO energy_type (id, name, provider, unit, price_per_unit) VALUES (5, 'EnergyType5', 'Provider5', 'kWh', 14);
INSERT INTO energy_type (id, name, provider, unit, price_per_unit) VALUES (6, 'EnergyType6', 'Provider6', 'kWh', 60);
INSERT INTO energy_type (id, name, provider, unit, price_per_unit) VALUES (7, 'EnergyType7', 'Provider7', 'kWh', 86);
INSERT INTO energy_type (id, name, provider, unit, price_per_unit) VALUES (8, 'EnergyType8', 'Provider8', 'kWh', 35);
INSERT INTO energy_type (id, name, provider, unit, price_per_unit) VALUES (9, 'EnergyType9', 'Provider9', 'kWh', 85);
INSERT INTO energy_type (id, name, provider, unit, price_per_unit) VALUES (10, 'EnergyType10', 'Provider10', 'kWh', 26);
INSERT INTO energy_type (id, name, provider, unit, price_per_unit) VALUES (11, 'EnergyType11', 'Provider11', 'kWh', 67);
INSERT INTO energy_type (id, name, provider, unit, price_per_unit) VALUES (12, 'EnergyType12', 'Provider12', 'kWh', 46);
INSERT INTO energy_type (id, name, provider, unit, price_per_unit) VALUES (13, 'EnergyType13', 'Provider13', 'kWh', 68);
INSERT INTO energy_type (id, name, provider, unit, price_per_unit) VALUES (14, 'EnergyType14', 'Provider14', 'kWh', 39);
INSERT INTO energy_type (id, name, provider, unit, price_per_unit) VALUES (15, 'EnergyType15', 'Provider15', 'kWh', 35);
INSERT INTO energy_type (id, name, provider, unit, price_per_unit) VALUES (16, 'EnergyType16', 'Provider16', 'kWh', 98);
INSERT INTO energy_type (id, name, provider, unit, price_per_unit) VALUES (17, 'EnergyType17', 'Provider17', 'kWh', 82);
INSERT INTO energy_type (id, name, provider, unit, price_per_unit) VALUES (18, 'EnergyType18', 'Provider18', 'kWh', 29);
INSERT INTO energy_type (id, name, provider, unit, price_per_unit) VALUES (19, 'EnergyType19', 'Provider19', 'kWh', 33);
INSERT INTO energy_type (id, name, provider, unit, price_per_unit) VALUES (20, 'EnergyType20', 'Provider20', 'kWh', 95);
INSERT INTO energy_type (id, name, provider, unit, price_per_unit) VALUES (21, 'EnergyType21', 'Provider21', 'kWh', 97);
INSERT INTO energy_type (id, name, provider, unit, price_per_unit) VALUES (22, 'EnergyType22', 'Provider22', 'kWh', 79);
INSERT INTO energy_type (id, name, provider, unit, price_per_unit) VALUES (23, 'EnergyType23', 'Provider23', 'kWh', 67);
INSERT INTO energy_type (id, name, provider, unit, price_per_unit) VALUES (24, 'EnergyType24', 'Provider24', 'kWh', 78);
INSERT INTO energy_type (id, name, provider, unit, price_per_unit) VALUES (25, 'EnergyType25', 'Provider25', 'kWh', 52);
INSERT INTO energy_type (id, name, provider, unit, price_per_unit) VALUES (26, 'EnergyType26', 'Provider26', 'kWh', 67);
INSERT INTO energy_type (id, name, provider, unit, price_per_unit) VALUES (27, 'EnergyType27', 'Provider27', 'kWh', 77);
INSERT INTO energy_type (id, name, provider, unit, price_per_unit) VALUES (28, 'EnergyType28', 'Provider28', 'kWh', 10);
INSERT INTO energy_type (id, name, provider, unit, price_per_unit) VALUES (29, 'EnergyType29', 'Provider29', 'kWh', 85);
INSERT INTO energy_type (id, name, provider, unit, price_per_unit) VALUES (30, 'EnergyType30', 'Provider30', 'kWh', 60);
INSERT INTO energy_type (id, name, provider, unit, price_per_unit) VALUES (31, 'EnergyType31', 'Provider31', 'kWh', 46);
INSERT INTO energy_type (id, name, provider, unit, price_per_unit) VALUES (32, 'EnergyType32', 'Provider32', 'kWh', 12);
INSERT INTO energy_type (id, name, provider, unit, price_per_unit) VALUES (33, 'EnergyType33', 'Provider33', 'kWh', 10);
INSERT INTO energy_type (id, name, provider, unit, price_per_unit) VALUES (34, 'EnergyType34', 'Provider34', 'kWh', 19);
INSERT INTO energy_type (id, name, provider, unit, price_per_unit) VALUES (35, 'EnergyType35', 'Provider35', 'kWh', 84);
INSERT INTO energy_type (id, name, provider, unit, price_per_unit) VALUES (36, 'EnergyType36', 'Provider36', 'kWh', 98);
INSERT INTO energy_type (id, name, provider, unit, price_per_unit) VALUES (37, 'EnergyType37', 'Provider37', 'kWh', 36);
INSERT INTO energy_type (id, name, provider, unit, price_per_unit) VALUES (38, 'EnergyType38', 'Provider38', 'kWh', 49);
INSERT INTO energy_type (id, name, provider, unit, price_per_unit) VALUES (39, 'EnergyType39', 'Provider39', 'kWh', 29);
INSERT INTO energy_type (id, name, provider, unit, price_per_unit) VALUES (40, 'EnergyType40', 'Provider40', 'kWh', 60);
INSERT INTO energy_type (id, name, provider, unit, price_per_unit) VALUES (41, 'EnergyType41', 'Provider41', 'kWh', 12);
INSERT INTO energy_type (id, name, provider, unit, price_per_unit) VALUES (42, 'EnergyType42', 'Provider42', 'kWh', 68);
INSERT INTO energy_type (id, name, provider, unit, price_per_unit) VALUES (43, 'EnergyType43', 'Provider43', 'kWh', 87);
INSERT INTO energy_type (id, name, provider, unit, price_per_unit) VALUES (44, 'EnergyType44', 'Provider44', 'kWh', 85);
INSERT INTO energy_type (id, name, provider, unit, price_per_unit) VALUES (45, 'EnergyType45', 'Provider45', 'kWh', 35);
INSERT INTO energy_type (id, name, provider, unit, price_per_unit) VALUES (46, 'EnergyType46', 'Provider46', 'kWh', 33);
INSERT INTO energy_type (id, name, provider, unit, price_per_unit) VALUES (47, 'EnergyType47', 'Provider47', 'kWh', 74);
INSERT INTO energy_type (id, name, provider, unit, price_per_unit) VALUES (48, 'EnergyType48', 'Provider48', 'kWh', 34);
INSERT INTO energy_type (id, name, provider, unit, price_per_unit) VALUES (49, 'EnergyType49', 'Provider49', 'kWh', 59);
INSERT INTO energy_type (id, name, provider, unit, price_per_unit) VALUES (50, 'EnergyType50', 'Provider50', 'kWh', 97);
INSERT INTO energy_type (id, name, provider, unit, price_per_unit) VALUES (51, 'EnergyType51', 'Provider51', 'kWh', 27);
INSERT INTO energy_type (id, name, provider, unit, price_per_unit) VALUES (52, 'EnergyType52', 'Provider52', 'kWh', 17);
INSERT INTO energy_type (id, name, provider, unit, price_per_unit) VALUES (53, 'EnergyType53', 'Provider53', 'kWh', 63);
INSERT INTO energy_type (id, name, provider, unit, price_per_unit) VALUES (54, 'EnergyType54', 'Provider54', 'kWh', 53);
INSERT INTO energy_type (id, name, provider, unit, price_per_unit) VALUES (55, 'EnergyType55', 'Provider55', 'kWh', 65);
INSERT INTO energy_type (id, name, provider, unit, price_per_unit) VALUES (56, 'EnergyType56', 'Provider56', 'kWh', 76);
INSERT INTO energy_type (id, name, provider, unit, price_per_unit) VALUES (57, 'EnergyType57', 'Provider57', 'kWh', 22);
INSERT INTO energy_type (id, name, provider, unit, price_per_unit) VALUES (58, 'EnergyType58', 'Provider58', 'kWh', 11);
INSERT INTO energy_type (id, name, provider, unit, price_per_unit) VALUES (59, 'EnergyType59', 'Provider59', 'kWh', 99);
INSERT INTO energy_type (id, name, provider, unit, price_per_unit) VALUES (60, 'EnergyType60', 'Provider60', 'kWh', 29);
INSERT INTO energy_type (id, name, provider, unit, price_per_unit) VALUES (61, 'EnergyType61', 'Provider61', 'kWh', 21);
INSERT INTO energy_type (id, name, provider, unit, price_per_unit) VALUES (62, 'EnergyType62', 'Provider62', 'kWh', 25);
INSERT INTO energy_type (id, name, provider, unit, price_per_unit) VALUES (63, 'EnergyType63', 'Provider63', 'kWh', 87);
INSERT INTO energy_type (id, name, provider, unit, price_per_unit) VALUES (64, 'EnergyType64', 'Provider64', 'kWh', 88);
INSERT INTO energy_type (id, name, provider, unit, price_per_unit) VALUES (65, 'EnergyType65', 'Provider65', 'kWh', 77);
INSERT INTO energy_type (id, name, provider, unit, price_per_unit) VALUES (66, 'EnergyType66', 'Provider66', 'kWh', 55);
INSERT INTO energy_type (id, name, provider, unit, price_per_unit) VALUES (67, 'EnergyType67', 'Provider67', 'kWh', 15);
INSERT INTO energy_type (id, name, provider, unit, price_per_unit) VALUES (68, 'EnergyType68', 'Provider68', 'kWh', 50);
INSERT INTO energy_type (id, name, provider, unit, price_per_unit) VALUES (69, 'EnergyType69', 'Provider69', 'kWh', 62);
INSERT INTO energy_type (id, name, provider, unit, price_per_unit) VALUES (70, 'EnergyType70', 'Provider70', 'kWh', 22);
INSERT INTO energy_type (id, name, provider, unit, price_per_unit) VALUES (71, 'EnergyType71', 'Provider71', 'kWh', 55);
INSERT INTO energy_type (id, name, provider, unit, price_per_unit) VALUES (72, 'EnergyType72', 'Provider72', 'kWh', 73);
INSERT INTO energy_type (id, name, provider, unit, price_per_unit) VALUES (73, 'EnergyType73', 'Provider73', 'kWh', 93);
INSERT INTO energy_type (id, name, provider, unit, price_per_unit) VALUES (74, 'EnergyType74', 'Provider74', 'kWh', 24);
INSERT INTO energy_type (id, name, provider, unit, price_per_unit) VALUES (75, 'EnergyType75', 'Provider75', 'kWh', 62);
INSERT INTO energy_type (id, name, provider, unit, price_per_unit) VALUES (76, 'EnergyType76', 'Provider76', 'kWh', 34);
INSERT INTO energy_type (id, name, provider, unit, price_per_unit) VALUES (77, 'EnergyType77', 'Provider77', 'kWh', 72);
INSERT INTO energy_type (id, name, provider, unit, price_per_unit) VALUES (78, 'EnergyType78', 'Provider78', 'kWh', 79);
INSERT INTO energy_type (id, name, provider, unit, price_per_unit) VALUES (79, 'EnergyType79', 'Provider79', 'kWh', 47);
INSERT INTO energy_type (id, name, provider, unit, price_per_unit) VALUES (80, 'EnergyType80', 'Provider80', 'kWh', 52);
INSERT INTO energy_type (id, name, provider, unit, price_per_unit) VALUES (81, 'EnergyType81', 'Provider81', 'kWh', 99);
INSERT INTO energy_type (id, name, provider, unit, price_per_unit) VALUES (82, 'EnergyType82', 'Provider82', 'kWh', 22);
INSERT INTO energy_type (id, name, provider, unit, price_per_unit) VALUES (83, 'EnergyType83', 'Provider83', 'kWh', 63);
INSERT INTO energy_type (id, name, provider, unit, price_per_unit) VALUES (84, 'EnergyType84', 'Provider84', 'kWh', 92);
INSERT INTO energy_type (id, name, provider, unit, price_per_unit) VALUES (85, 'EnergyType85', 'Provider85', 'kWh', 43);
INSERT INTO energy_type (id, name, provider, unit, price_per_unit) VALUES (86, 'EnergyType86', 'Provider86', 'kWh', 28);
INSERT INTO energy_type (id, name, provider, unit, price_per_unit) VALUES (87, 'EnergyType87', 'Provider87', 'kWh', 40);
INSERT INTO energy_type (id, name, provider, unit, price_per_unit) VALUES (88, 'EnergyType88', 'Provider88', 'kWh', 85);
INSERT INTO energy_type (id, name, provider, unit, price_per_unit) VALUES (89, 'EnergyType89', 'Provider89', 'kWh', 25);
INSERT INTO energy_type (id, name, provider, unit, price_per_unit) VALUES (90, 'EnergyType90', 'Provider90', 'kWh', 24);
INSERT INTO energy_type (id, name, provider, unit, price_per_unit) VALUES (91, 'EnergyType91', 'Provider91', 'kWh', 100);
INSERT INTO energy_type (id, name, provider, unit, price_per_unit) VALUES (92, 'EnergyType92', 'Provider92', 'kWh', 72);
INSERT INTO energy_type (id, name, provider, unit, price_per_unit) VALUES (93, 'EnergyType93', 'Provider93', 'kWh', 41);
INSERT INTO energy_type (id, name, provider, unit, price_per_unit) VALUES (94, 'EnergyType94', 'Provider94', 'kWh', 86);
INSERT INTO energy_type (id, name, provider, unit, price_per_unit) VALUES (95, 'EnergyType95', 'Provider95', 'kWh', 42);
INSERT INTO energy_type (id, name, provider, unit, price_per_unit) VALUES (96, 'EnergyType96', 'Provider96', 'kWh', 30);
INSERT INTO energy_type (id, name, provider, unit, price_per_unit) VALUES (97, 'EnergyType97', 'Provider97', 'kWh', 69);
INSERT INTO energy_type (id, name, provider, unit, price_per_unit) VALUES (98, 'EnergyType98', 'Provider98', 'kWh', 46);
INSERT INTO energy_type (id, name, provider, unit, price_per_unit) VALUES (99, 'EnergyType99', 'Provider99', 'kWh', 14);
INSERT INTO energy_type (id, name, provider, unit, price_per_unit) VALUES (100, 'EnergyType100', 'Provider100', 'kWh', 17);
INSERT INTO energy_source (id, consumption, start_date, end_date, building_id, energy_type_id) VALUES (1, 609, '2024-07-29 00:07:52.131124', '2024-08-02 00:07:52.131124', 34, 78);
INSERT INTO energy_source (id, consumption, start_date, end_date, building_id, energy_type_id) VALUES (2, 734, '2025-01-14 00:07:52.131136', '2025-02-01 00:07:52.131136', 12, 90);
INSERT INTO energy_source (id, consumption, start_date, end_date, building_id, energy_type_id) VALUES (3, 894, '2025-02-08 00:07:52.131142', '2025-02-11 00:07:52.131142', 14, 59);
INSERT INTO energy_source (id, consumption, start_date, end_date, building_id, energy_type_id) VALUES (4, 265, '2025-03-06 00:07:52.131145', '2025-03-19 00:07:52.131145', 33, 24);
INSERT INTO energy_source (id, consumption, start_date, end_date, building_id, energy_type_id) VALUES (5, 438, '2024-10-30 00:07:52.131149', '2024-11-03 00:07:52.131149', 36, 77);
INSERT INTO energy_source (id, consumption, start_date, end_date, building_id, energy_type_id) VALUES (6, 755, '2024-08-28 00:07:52.131152', '2024-08-29 00:07:52.131152', 49, 64);
INSERT INTO energy_source (id, consumption, start_date, end_date, building_id, energy_type_id) VALUES (7, 874, '2024-10-19 00:07:52.131156', '2024-11-18 00:07:52.131156', 64, 6);
INSERT INTO energy_source (id, consumption, start_date, end_date, building_id, energy_type_id) VALUES (8, 363, '2024-10-20 00:07:52.131159', '2024-11-14 00:07:52.131159', 59, 7);
INSERT INTO energy_source (id, consumption, start_date, end_date, building_id, energy_type_id) VALUES (9, 796, '2024-09-22 00:07:52.131162', '2024-09-25 00:07:52.131162', 64, 64);
INSERT INTO energy_source (id, consumption, start_date, end_date, building_id, energy_type_id) VALUES (10, 683, '2024-07-18 00:07:52.131166', '2024-07-31 00:07:52.131166', 36, 39);
INSERT INTO energy_source (id, consumption, start_date, end_date, building_id, energy_type_id) VALUES (11, 334, '2025-04-17 00:07:52.131170', '2025-04-29 00:07:52.131170', 9, 45);
INSERT INTO energy_source (id, consumption, start_date, end_date, building_id, energy_type_id) VALUES (12, 199, '2025-04-14 00:07:52.131173', '2025-05-13 00:07:52.131173', 78, 14);
INSERT INTO energy_source (id, consumption, start_date, end_date, building_id, energy_type_id) VALUES (13, 220, '2025-04-12 00:07:52.131176', '2025-04-27 00:07:52.131176', 69, 17);
INSERT INTO energy_source (id, consumption, start_date, end_date, building_id, energy_type_id) VALUES (14, 998, '2024-09-06 00:07:52.131180', '2024-09-20 00:07:52.131180', 69, 4);
INSERT INTO energy_source (id, consumption, start_date, end_date, building_id, energy_type_id) VALUES (15, 318, '2025-01-19 00:07:52.131183', '2025-01-21 00:07:52.131183', 68, 47);
INSERT INTO energy_source (id, consumption, start_date, end_date, building_id, energy_type_id) VALUES (16, 712, '2024-06-25 00:07:52.131185', '2024-07-15 00:07:52.131185', 1, 27);
INSERT INTO energy_source (id, consumption, start_date, end_date, building_id, energy_type_id) VALUES (17, 274, '2024-09-13 00:07:52.131189', '2024-09-29 00:07:52.131189', 37, 75);
INSERT INTO energy_source (id, consumption, start_date, end_date, building_id, energy_type_id) VALUES (18, 275, '2024-08-03 00:07:52.131192', '2024-08-04 00:07:52.131192', 6, 22);
INSERT INTO energy_source (id, consumption, start_date, end_date, building_id, energy_type_id) VALUES (19, 290, '2025-01-08 00:07:52.131195', '2025-01-30 00:07:52.131195', 8, 82);
INSERT INTO energy_source (id, consumption, start_date, end_date, building_id, energy_type_id) VALUES (20, 294, '2025-04-06 00:07:52.131198', '2025-04-26 00:07:52.131198', 99, 27);
INSERT INTO energy_source (id, consumption, start_date, end_date, building_id, energy_type_id) VALUES (21, 660, '2024-06-30 00:07:52.131200', '2024-07-22 00:07:52.131200', 36, 100);
INSERT INTO energy_source (id, consumption, start_date, end_date, building_id, energy_type_id) VALUES (22, 482, '2025-03-08 00:07:52.131203', '2025-03-21 00:07:52.131203', 44, 19);
INSERT INTO energy_source (id, consumption, start_date, end_date, building_id, energy_type_id) VALUES (23, 558, '2025-01-08 00:07:52.131206', '2025-02-03 00:07:52.131206', 10, 13);
INSERT INTO energy_source (id, consumption, start_date, end_date, building_id, energy_type_id) VALUES (24, 252, '2025-02-12 00:07:52.131209', '2025-03-04 00:07:52.131209', 33, 88);
INSERT INTO energy_source (id, consumption, start_date, end_date, building_id, energy_type_id) VALUES (25, 172, '2024-06-01 00:07:52.131212', '2024-07-01 00:07:52.131212', 52, 94);
INSERT INTO energy_source (id, consumption, start_date, end_date, building_id, energy_type_id) VALUES (26, 471, '2024-06-18 00:07:52.131215', '2024-07-13 00:07:52.131215', 73, 72);
INSERT INTO energy_source (id, consumption, start_date, end_date, building_id, energy_type_id) VALUES (27, 956, '2025-05-22 00:07:52.131218', '2025-06-05 00:07:52.131218', 41, 66);
INSERT INTO energy_source (id, consumption, start_date, end_date, building_id, energy_type_id) VALUES (28, 931, '2025-04-24 00:07:52.131249', '2025-05-24 00:07:52.131249', 98, 1);
INSERT INTO energy_source (id, consumption, start_date, end_date, building_id, energy_type_id) VALUES (29, 407, '2024-11-02 00:07:52.131253', '2024-11-06 00:07:52.131253', 56, 3);
INSERT INTO energy_source (id, consumption, start_date, end_date, building_id, energy_type_id) VALUES (30, 163, '2024-09-27 00:07:52.131256', '2024-10-27 00:07:52.131256', 92, 3);
INSERT INTO energy_source (id, consumption, start_date, end_date, building_id, energy_type_id) VALUES (31, 691, '2024-11-22 00:07:52.131259', '2024-12-05 00:07:52.131259', 50, 63);
INSERT INTO energy_source (id, consumption, start_date, end_date, building_id, energy_type_id) VALUES (32, 461, '2024-08-31 00:07:52.131262', '2024-09-09 00:07:52.131262', 30, 65);
INSERT INTO energy_source (id, consumption, start_date, end_date, building_id, energy_type_id) VALUES (33, 741, '2025-01-25 00:07:52.131265', '2025-01-29 00:07:52.131265', 38, 78);
INSERT INTO energy_source (id, consumption, start_date, end_date, building_id, energy_type_id) VALUES (34, 301, '2025-02-20 00:07:52.131268', '2025-03-04 00:07:52.131268', 64, 64);
INSERT INTO energy_source (id, consumption, start_date, end_date, building_id, energy_type_id) VALUES (35, 988, '2025-05-08 00:07:52.131271', '2025-05-23 00:07:52.131271', 36, 13);
INSERT INTO energy_source (id, consumption, start_date, end_date, building_id, energy_type_id) VALUES (36, 370, '2025-05-15 00:07:52.131274', '2025-06-12 00:07:52.131274', 18, 17);
INSERT INTO energy_source (id, consumption, start_date, end_date, building_id, energy_type_id) VALUES (37, 241, '2025-01-03 00:07:52.131276', '2025-01-09 00:07:52.131276', 82, 85);
INSERT INTO energy_source (id, consumption, start_date, end_date, building_id, energy_type_id) VALUES (38, 639, '2025-01-02 00:07:52.131279', '2025-01-20 00:07:52.131279', 86, 34);
INSERT INTO energy_source (id, consumption, start_date, end_date, building_id, energy_type_id) VALUES (39, 916, '2025-05-29 00:07:52.131282', '2025-06-04 00:07:52.131282', 15, 21);
INSERT INTO energy_source (id, consumption, start_date, end_date, building_id, energy_type_id) VALUES (40, 756, '2025-05-17 00:07:52.131288', '2025-06-01 00:07:52.131288', 88, 5);
INSERT INTO energy_source (id, consumption, start_date, end_date, building_id, energy_type_id) VALUES (41, 789, '2025-04-26 00:07:52.131292', '2025-05-10 00:07:52.131292', 27, 13);
INSERT INTO energy_source (id, consumption, start_date, end_date, building_id, energy_type_id) VALUES (42, 878, '2024-08-14 00:07:52.131295', '2024-08-28 00:07:52.131295', 50, 57);
INSERT INTO energy_source (id, consumption, start_date, end_date, building_id, energy_type_id) VALUES (43, 889, '2024-12-23 00:07:52.131298', '2025-01-18 00:07:52.131298', 84, 96);
INSERT INTO energy_source (id, consumption, start_date, end_date, building_id, energy_type_id) VALUES (44, 125, '2025-04-11 00:07:52.131301', '2025-05-04 00:07:52.131301', 94, 91);
INSERT INTO energy_source (id, consumption, start_date, end_date, building_id, energy_type_id) VALUES (45, 440, '2024-07-08 00:07:52.131304', '2024-07-13 00:07:52.131304', 14, 13);
INSERT INTO energy_source (id, consumption, start_date, end_date, building_id, energy_type_id) VALUES (46, 669, '2025-01-26 00:07:52.131307', '2025-02-20 00:07:52.131307', 30, 30);
INSERT INTO energy_source (id, consumption, start_date, end_date, building_id, energy_type_id) VALUES (47, 626, '2025-01-01 00:07:52.131310', '2025-01-21 00:07:52.131310', 59, 57);
INSERT INTO energy_source (id, consumption, start_date, end_date, building_id, energy_type_id) VALUES (48, 837, '2024-11-25 00:07:52.131313', '2024-12-11 00:07:52.131313', 59, 43);
INSERT INTO energy_source (id, consumption, start_date, end_date, building_id, energy_type_id) VALUES (49, 205, '2025-02-07 00:07:52.131316', '2025-02-11 00:07:52.131316', 39, 23);
INSERT INTO energy_source (id, consumption, start_date, end_date, building_id, energy_type_id) VALUES (50, 803, '2024-11-14 00:07:52.131319', '2024-11-27 00:07:52.131319', 20, 75);
INSERT INTO energy_source (id, consumption, start_date, end_date, building_id, energy_type_id) VALUES (51, 911, '2025-02-01 00:07:52.131322', '2025-02-28 00:07:52.131322', 78, 60);
INSERT INTO energy_source (id, consumption, start_date, end_date, building_id, energy_type_id) VALUES (52, 105, '2024-10-16 00:07:52.131325', '2024-11-09 00:07:52.131325', 39, 80);
INSERT INTO energy_source (id, consumption, start_date, end_date, building_id, energy_type_id) VALUES (53, 924, '2025-02-10 00:07:52.131328', '2025-03-08 00:07:52.131328', 11, 28);
INSERT INTO energy_source (id, consumption, start_date, end_date, building_id, energy_type_id) VALUES (54, 860, '2025-01-12 00:07:52.131331', '2025-01-25 00:07:52.131331', 96, 96);
INSERT INTO energy_source (id, consumption, start_date, end_date, building_id, energy_type_id) VALUES (55, 806, '2024-12-27 00:07:52.131334', '2025-01-19 00:07:52.131334', 73, 18);
INSERT INTO energy_source (id, consumption, start_date, end_date, building_id, energy_type_id) VALUES (56, 569, '2024-10-05 00:07:52.131337', '2024-10-13 00:07:52.131337', 38, 42);
INSERT INTO energy_source (id, consumption, start_date, end_date, building_id, energy_type_id) VALUES (57, 888, '2025-04-13 00:07:52.131340', '2025-05-09 00:07:52.131340', 40, 90);
INSERT INTO energy_source (id, consumption, start_date, end_date, building_id, energy_type_id) VALUES (58, 1000, '2024-10-18 00:07:52.131343', '2024-10-23 00:07:52.131343', 48, 84);
INSERT INTO energy_source (id, consumption, start_date, end_date, building_id, energy_type_id) VALUES (59, 689, '2024-12-04 00:07:52.131348', '2024-12-15 00:07:52.131348', 96, 73);
INSERT INTO energy_source (id, consumption, start_date, end_date, building_id, energy_type_id) VALUES (60, 548, '2024-08-15 00:07:52.131351', '2024-08-17 00:07:52.131351', 80, 33);
INSERT INTO energy_source (id, consumption, start_date, end_date, building_id, energy_type_id) VALUES (61, 604, '2025-03-27 00:07:52.131354', '2025-04-17 00:07:52.131354', 44, 70);
INSERT INTO energy_source (id, consumption, start_date, end_date, building_id, energy_type_id) VALUES (62, 664, '2024-08-10 00:07:52.131357', '2024-08-31 00:07:52.131357', 37, 79);
INSERT INTO energy_source (id, consumption, start_date, end_date, building_id, energy_type_id) VALUES (63, 534, '2024-06-24 00:07:52.131361', '2024-07-04 00:07:52.131361', 30, 42);
INSERT INTO energy_source (id, consumption, start_date, end_date, building_id, energy_type_id) VALUES (64, 770, '2024-10-04 00:07:52.131364', '2024-11-03 00:07:52.131364', 95, 72);
INSERT INTO energy_source (id, consumption, start_date, end_date, building_id, energy_type_id) VALUES (65, 409, '2024-12-12 00:07:52.131367', '2025-01-11 00:07:52.131367', 90, 43);
INSERT INTO energy_source (id, consumption, start_date, end_date, building_id, energy_type_id) VALUES (66, 578, '2024-10-18 00:07:52.131370', '2024-10-25 00:07:52.131370', 70, 19);
INSERT INTO energy_source (id, consumption, start_date, end_date, building_id, energy_type_id) VALUES (67, 581, '2024-06-14 00:07:52.131373', '2024-06-30 00:07:52.131373', 14, 1);
INSERT INTO energy_source (id, consumption, start_date, end_date, building_id, energy_type_id) VALUES (68, 629, '2025-03-27 00:07:52.131376', '2025-04-09 00:07:52.131376', 93, 41);
INSERT INTO energy_source (id, consumption, start_date, end_date, building_id, energy_type_id) VALUES (69, 141, '2024-10-18 00:07:52.131379', '2024-10-20 00:07:52.131379', 51, 52);
INSERT INTO energy_source (id, consumption, start_date, end_date, building_id, energy_type_id) VALUES (70, 344, '2024-12-30 00:07:52.131384', '2025-01-28 00:07:52.131384', 69, 83);
INSERT INTO energy_source (id, consumption, start_date, end_date, building_id, energy_type_id) VALUES (71, 487, '2025-01-06 00:07:52.131387', '2025-02-04 00:07:52.131387', 41, 87);
INSERT INTO energy_source (id, consumption, start_date, end_date, building_id, energy_type_id) VALUES (72, 961, '2024-06-17 00:07:52.131390', '2024-07-11 00:07:52.131390', 59, 83);
INSERT INTO energy_source (id, consumption, start_date, end_date, building_id, energy_type_id) VALUES (73, 157, '2025-01-04 00:07:52.131393', '2025-01-25 00:07:52.131393', 63, 46);
INSERT INTO energy_source (id, consumption, start_date, end_date, building_id, energy_type_id) VALUES (74, 582, '2024-12-08 00:07:52.131395', '2024-12-23 00:07:52.131395', 95, 58);
INSERT INTO energy_source (id, consumption, start_date, end_date, building_id, energy_type_id) VALUES (75, 845, '2024-10-27 00:07:52.131398', '2024-11-04 00:07:52.131398', 14, 22);
INSERT INTO energy_source (id, consumption, start_date, end_date, building_id, energy_type_id) VALUES (76, 984, '2024-08-17 00:07:52.131401', '2024-08-21 00:07:52.131401', 66, 33);
INSERT INTO energy_source (id, consumption, start_date, end_date, building_id, energy_type_id) VALUES (77, 842, '2024-11-08 00:07:52.131404', '2024-11-23 00:07:52.131404', 88, 16);
INSERT INTO energy_source (id, consumption, start_date, end_date, building_id, energy_type_id) VALUES (78, 658, '2024-12-14 00:07:52.131407', '2025-01-10 00:07:52.131407', 89, 30);
INSERT INTO energy_source (id, consumption, start_date, end_date, building_id, energy_type_id) VALUES (79, 502, '2025-01-08 00:07:52.131412', '2025-01-16 00:07:52.131412', 88, 43);
INSERT INTO energy_source (id, consumption, start_date, end_date, building_id, energy_type_id) VALUES (80, 745, '2025-05-12 00:07:52.131415', '2025-05-22 00:07:52.131415', 43, 69);
INSERT INTO energy_source (id, consumption, start_date, end_date, building_id, energy_type_id) VALUES (81, 814, '2025-02-12 00:07:52.131417', '2025-03-06 00:07:52.131417', 97, 43);
INSERT INTO energy_source (id, consumption, start_date, end_date, building_id, energy_type_id) VALUES (82, 909, '2025-03-12 00:07:52.131420', '2025-04-08 00:07:52.131420', 90, 34);
INSERT INTO energy_source (id, consumption, start_date, end_date, building_id, energy_type_id) VALUES (83, 221, '2025-05-30 00:07:52.131423', '2025-06-06 00:07:52.131423', 22, 34);
INSERT INTO energy_source (id, consumption, start_date, end_date, building_id, energy_type_id) VALUES (84, 117, '2024-10-05 00:07:52.131426', '2024-10-25 00:07:52.131426', 19, 74);
INSERT INTO energy_source (id, consumption, start_date, end_date, building_id, energy_type_id) VALUES (85, 563, '2025-05-22 00:07:52.131429', '2025-06-15 00:07:52.131429', 56, 48);
INSERT INTO energy_source (id, consumption, start_date, end_date, building_id, energy_type_id) VALUES (86, 533, '2024-07-21 00:07:52.131432', '2024-08-19 00:07:52.131432', 54, 71);
INSERT INTO energy_source (id, consumption, start_date, end_date, building_id, energy_type_id) VALUES (87, 711, '2024-06-12 00:07:52.131435', '2024-07-01 00:07:52.131435', 65, 88);
INSERT INTO energy_source (id, consumption, start_date, end_date, building_id, energy_type_id) VALUES (88, 961, '2025-05-05 00:07:52.131438', '2025-05-31 00:07:52.131438', 75, 44);
INSERT INTO energy_source (id, consumption, start_date, end_date, building_id, energy_type_id) VALUES (89, 278, '2025-01-23 00:07:52.131440', '2025-02-04 00:07:52.131440', 65, 60);
INSERT INTO energy_source (id, consumption, start_date, end_date, building_id, energy_type_id) VALUES (90, 185, '2024-07-12 00:07:52.131443', '2024-07-22 00:07:52.131443', 22, 59);
INSERT INTO energy_source (id, consumption, start_date, end_date, building_id, energy_type_id) VALUES (91, 260, '2024-08-08 00:07:52.131446', '2024-08-24 00:07:52.131446', 3, 18);
INSERT INTO energy_source (id, consumption, start_date, end_date, building_id, energy_type_id) VALUES (92, 437, '2025-04-07 00:07:52.131449', '2025-04-08 00:07:52.131449', 94, 31);
INSERT INTO energy_source (id, consumption, start_date, end_date, building_id, energy_type_id) VALUES (93, 365, '2025-02-20 00:07:52.131452', '2025-02-24 00:07:52.131452', 70, 15);
INSERT INTO energy_source (id, consumption, start_date, end_date, building_id, energy_type_id) VALUES (94, 384, '2025-01-20 00:07:52.131455', '2025-02-04 00:07:52.131455', 57, 85);
INSERT INTO energy_source (id, consumption, start_date, end_date, building_id, energy_type_id) VALUES (95, 181, '2025-02-28 00:07:52.131458', '2025-03-22 00:07:52.131458', 87, 51);
INSERT INTO energy_source (id, consumption, start_date, end_date, building_id, energy_type_id) VALUES (96, 914, '2024-08-15 00:07:52.131461', '2024-08-26 00:07:52.131461', 6, 39);
INSERT INTO energy_source (id, consumption, start_date, end_date, building_id, energy_type_id) VALUES (97, 847, '2025-01-11 00:07:52.131464', '2025-01-22 00:07:52.131464', 31, 90);
INSERT INTO energy_source (id, consumption, start_date, end_date, building_id, energy_type_id) VALUES (98, 870, '2025-04-13 00:07:52.131469', '2025-05-05 00:07:52.131469', 28, 29);
INSERT INTO energy_source (id, consumption, start_date, end_date, building_id, energy_type_id) VALUES (99, 545, '2024-08-02 00:07:52.131472', '2024-08-10 00:07:52.131472', 73, 59);
INSERT INTO energy_source (id, consumption, start_date, end_date, building_id, energy_type_id) VALUES (100, 815, '2025-04-19 00:07:52.131475', '2025-05-14 00:07:52.131475', 31, 57);